日時,始値,高値,安値,終値,調整後終値,出来高(株)
2023/9/5,610,611,605,608,608,"20,000"
2023/9/4,590,618,587,614,614,"62,700"
2023/9/1,584,585,581,584,584,"14,000"
2023/8/31,582,584,581,581,581,"5,900"
2023/8/30,585,589,580,580,580,"27,100"
2023/8/29,580,589,580,585,585,"17,600"
2023/8/28,585,586,579,584,584,"27,300"
2023/8/25,577,584,577,579,579,"11,800"
2023/8/24,587,588,580,581,581,"9,300"
2023/8/23,579,587,578,584,584,"8,300"
2023/8/22,585,588,578,578,578,"25,400"
2023/8/21,573,584,571,584,584,"19,000"
2023/8/18,563,578,563,567,567,"47,800"
2023/8/17,594,594,561,572,572,"90,100"
2023/8/16,598,603,594,596,596,"21,700"
2023/8/15,612,616,582,598,598,"96,200"
2023/8/14,593,643,593,619,619,"147,500"
2023/8/10,592,595,590,592,592,"12,400"
2023/8/9,603,603,590,592,592,"21,400"
2023/8/8,603,603,597,602,602,"6,900"
2023/8/7,596,603,593,599,599,"13,200"
2023/8/4,588,595,588,593,593,"7,800"
2023/8/3,588,596,588,588,588,"21,500"
2023/8/2,588,590,586,588,588,"11,800"
2023/8/1,588,591,586,588,588,"8,100"
2023/7/31,591,594,587,588,588,"7,400"
2023/7/28,585,590,580,588,588,"23,900"
2023/7/27,587,588,584,586,586,"14,400"
2023/7/26,586,595,586,588,588,"11,700"
2023/7/25,591,593,586,587,587,"14,100"
2023/7/24,591,598,589,589,589,"13,900"
2023/7/21,591,598,588,593,593,"19,100"
2023/7/20,600,600,593,593,593,"28,200"
2023/7/19,602,603,596,601,601,"16,000"
2023/7/18,600,610,598,599,599,"31,500"
2023/7/14,609,613,593,602,602,"31,500"
2023/7/13,587,606,587,606,606,"31,200"
2023/7/12,596,596,585,587,587,"26,200"
2023/7/11,581,597,581,596,596,"46,700"
2023/7/10,588,588,580,581,581,"23,500"
2023/7/7,579,589,577,588,588,"32,900"
2023/7/6,600,600,584,586,586,"63,200"
2023/7/5,598,603,595,603,603,"22,400"
2023/7/4,605,606,595,604,604,"34,000"
2023/7/3,610,617,608,609,609,"31,500"
2023/6/30,599,617,594,605,605,"49,700"
2023/6/29,598,609,592,603,603,"106,000"
2023/6/28,606,627,606,618,618,"199,100"
2023/6/27,620,620,596,608,608,"136,700"
2023/6/26,625,632,613,619,619,"52,700"
2023/6/23,639,647,613,625,625,"103,100"
2023/6/22,666,666,639,639,639,"97,000"
2023/6/21,657,670,653,666,666,"99,200"
2023/6/20,655,659,644,657,657,"70,200"
2023/6/19,640,653,638,649,649,"60,500"
2023/6/16,638,643,631,642,642,"50,800"
2023/6/15,630,646,623,638,638,"75,000"
2023/6/14,659,659,632,636,636,"68,400"
2023/6/13,661,669,650,656,656,"156,800"
2023/6/12,628,685,626,661,661,"493,600"
2023/6/9,603,616,600,613,613,"127,100"
2023/6/8,609,618,599,604,604,"78,800"
2023/6/7,598,610,588,608,608,"67,100"
2023/6/6,591,598,581,597,597,"33,400"
2023/6/5,603,605,591,591,591,"46,800"
2023/6/2,598,606,586,595,595,"61,700"
2023/6/1,598,605,590,592,592,"55,200"
2023/5/31,590,599,586,598,598,"68,000"
2023/5/30,582,591,575,587,587,"42,500"
2023/5/29,584,584,574,582,582,"30,700"
2023/5/26,564,585,561,574,574,"94,700"
2023/5/25,562,564,558,562,562,"24,800"
2023/5/24,553,563,553,562,562,"25,600"
2023/5/23,562,568,555,555,555,"29,100"
2023/5/22,555,557,550,557,557,"24,000"
2023/5/19,560,560,551,554,554,"38,300"
2023/5/18,571,571,553,555,555,"81,200"
2023/5/17,573,574,565,570,570,"40,600"
2023/5/16,574,582,569,575,575,"90,300"
2023/5/15,562,569,562,569,569,"52,100"
2023/5/12,557,562,557,559,559,"44,400"
2023/5/11,550,562,550,562,562,"61,400"
2023/5/10,548,550,548,550,550,"27,600"
2023/5/9,550,550,547,548,548,"74,500"
2023/5/8,547,551,546,546,546,"51,500"
2023/5/2,550,551,545,547,547,"94,600"
2023/5/1,550,558,550,554,554,"55,000"
2023/4/28,550,551,547,550,550,"74,600"
2023/4/27,548,550,544,548,548,"43,500"
2023/4/26,550,551,545,548,548,"97,000"
2023/4/25,562,568,560,560,560,"43,800"
2023/4/24,548,563,548,559,559,"41,400"
2023/4/21,551,556,546,548,548,"73,800"
2023/4/20,561,562,553,554,554,"71,800"
2023/4/19,557,566,557,566,566,"56,700"
2023/4/18,546,561,546,554,554,"42,500"
2023/4/17,551,551,543,548,548,"34,200"
2023/4/14,550,555,548,551,551,"46,600"
2023/4/13,548,551,545,549,549,"41,900"
2023/4/12,542,550,542,548,548,"39,200"
2023/4/11,543,551,538,544,544,"69,200"
2023/4/10,550,550,541,541,541,"82,900"
2023/4/7,553,555,550,554,554,"31,400"
2023/4/6,545,553,541,553,553,"47,400"
2023/4/5,556,556,535,544,544,"146,500"
2023/4/4,565,569,556,559,559,"84,500"
2023/4/3,566,568,561,564,564,"68,700"
2023/3/31,572,575,560,566,566,"163,500"
2023/3/30,555,560,554,560,560,"50,500"
2023/3/29,550,560,539,560,560,"103,400"
2023/3/28,560,561,548,554,554,"89,400"
2023/3/27,571,571,557,560,560,"141,100"
2023/3/24,567,585,562,585,585,"34,000"
2023/3/23,561,569,556,565,565,"31,400"
2023/3/22,565,575,561,566,566,"33,800"
2023/3/20,578,584,556,562,562,"85,200"
2023/3/17,571,581,568,580,580,"39,000"
2023/3/16,580,585,566,571,571,"91,500"
2023/3/15,597,598,581,590,590,"63,100"
2023/3/14,599,599,587,597,597,"63,100"
2023/3/13,600,604,591,604,604,"53,000"
2023/3/10,616,616,602,605,605,"71,000"
2023/3/9,607,621,602,620,620,"68,600"
2023/3/8,611,612,605,611,611,"45,900"
2023/3/7,614,620,613,614,614,"24,100"
2023/3/6,625,628,615,615,615,"41,800"
2023/3/3,626,629,624,625,625,"22,800"
2023/3/2,630,630,622,629,629,"24,300"
2023/3/1,628,630,622,628,628,"20,300"
2023/2/28,620,630,620,627,627,"41,200"
2023/2/27,612,620,611,619,619,"26,800"
2023/2/24,609,614,602,614,614,"44,900"
2023/2/22,604,607,594,605,605,"69,800"
2023/2/21,612,614,606,611,611,"33,200"
2023/2/20,616,618,608,614,614,"26,800"
2023/2/17,613,615,610,611,611,"30,100"
2023/2/16,618,619,611,617,617,"37,100"
2023/2/15,639,639,611,613,613,"76,700"
2023/2/14,621,638,616,636,636,"89,000"
2023/2/13,637,638,606,612,612,"98,900"
2023/2/10,643,645,636,644,644,"45,800"
2023/2/9,643,648,640,643,643,"12,200"
2023/2/8,645,648,641,648,648,"14,100"
2023/2/7,645,647,640,642,642,"12,500"
2023/2/6,652,652,642,644,644,"20,000"
2023/2/3,651,653,642,653,653,"29,100"
2023/2/2,661,661,645,653,653,"38,700"
2023/2/1,653,665,645,651,651,"35,800"
2023/1/31,650,650,642,648,648,"21,600"
2023/1/30,650,656,645,649,649,"40,000"
2023/1/27,649,652,640,648,648,"25,100"
2023/1/26,650,652,641,649,649,"26,600"
2023/1/25,653,657,648,648,648,"31,700"
2023/1/24,660,665,649,655,655,"24,900"
2023/1/23,650,663,650,658,658,"20,600"
2023/1/20,651,656,646,648,648,"20,300"
2023/1/19,643,656,640,656,656,"32,000"
2023/1/18,646,651,636,647,647,"24,800"
2023/1/17,645,648,637,647,647,"17,600"
2023/1/16,642,649,637,637,637,"33,700"
2023/1/13,658,659,641,646,646,"85,500"
2023/1/12,668,671,660,661,661,"30,800"
2023/1/11,664,671,658,668,668,"47,300"
2023/1/10,695,696,655,660,660,"89,800"
2023/1/6,698,702,692,693,693,"31,300"
2023/1/5,687,710,686,702,702,"61,100"
2023/1/4,686,693,680,684,684,"68,600"
2022/12/30,709,709,689,689,689,"66,700"
2022/12/29,720,728,686,704,704,"171,600"
2022/12/28,710,723,699,720,720,"244,900"
2022/12/27,689,707,685,695,695,"91,000"
2022/12/26,691,695,674,680,680,"137,000"
2022/12/23,668,720,662,700,700,"327,500"
2022/12/22,637,661,636,654,654,"41,200"
2022/12/21,635,644,633,636,636,"43,000"
2022/12/20,651,654,631,644,644,"72,900"
2022/12/19,660,660,650,651,651,"53,900"
2022/12/16,675,675,661,661,661,"31,300"
2022/12/15,672,678,667,677,677,"29,000"
2022/12/14,666,673,660,673,673,"22,400"
2022/12/13,662,670,662,666,666,"21,500"
2022/12/12,668,668,659,661,661,"17,000"
2022/12/9,659,669,655,668,668,"38,300"
2022/12/8,668,672,660,666,666,"25,900"
2022/12/7,665,674,651,671,671,"45,200"
2022/12/6,678,679,663,671,671,"67,000"
2022/12/5,686,686,680,681,681,"32,500"
2022/12/2,692,694,684,686,686,"34,300"
2022/12/1,696,696,686,696,696,"28,600"
2022/11/30,693,697,684,689,689,"23,300"
2022/11/29,687,694,682,692,692,"18,000"
2022/11/28,691,693,683,687,687,"35,900"
2022/11/25,704,704,694,695,695,"16,600"
2022/11/24,700,709,700,702,702,"17,200"
2022/11/22,711,720,695,699,699,"34,500"
2022/11/21,719,719,692,707,707,"31,300"
2022/11/18,703,716,698,715,715,"33,100"
2022/11/17,700,713,693,703,703,"29,200"
2022/11/16,699,705,680,699,699,"49,000"
2022/11/15,703,717,685,696,696,"77,400"
2022/11/14,693,705,684,703,703,"42,400"
2022/11/11,688,699,680,695,695,"44,500"
2022/11/10,682,699,670,674,674,"25,400"
2022/11/9,668,680,668,680,680,"13,300"
2022/11/8,664,674,661,668,668,"15,100"
2022/11/7,665,666,660,664,664,"10,000"
2022/11/4,664,664,654,662,662,"14,100"
2022/11/2,662,665,661,664,664,"4,400"
2022/11/1,660,666,656,665,665,"15,500"
2022/10/31,664,665,657,662,662,"18,500"
2022/10/28,663,670,660,664,664,"10,900"
2022/10/27,665,678,665,673,673,"16,200"
2022/10/26,656,670,654,668,668,"22,100"
2022/10/25,659,662,652,656,656,"14,900"
2022/10/24,655,659,651,653,653,"13,200"
2022/10/21,653,654,644,650,650,"14,300"
2022/10/20,656,656,646,651,651,"23,100"
2022/10/19,659,665,657,663,663,"8,200"
2022/10/18,654,665,654,659,659,"11,600"
2022/10/17,648,655,640,653,653,"12,200"
2022/10/14,658,660,643,650,650,"23,700"
2022/10/13,654,654,641,653,653,"16,400"
2022/10/12,654,656,639,646,646,"25,300"
2022/10/11,670,670,648,659,659,"43,500"
2022/10/7,693,696,676,676,676,"34,400"
2022/10/6,676,694,670,693,693,"44,400"
2022/10/5,669,682,665,671,671,"28,100"
2022/10/4,672,681,663,665,665,"23,100"
2022/10/3,651,663,630,662,662,"32,000"
2022/9/30,651,668,646,651,651,"18,500"
2022/9/29,669,680,655,656,656,"17,900"
2022/9/28,660,668,650,661,661,"36,200"
2022/9/27,632,672,632,670,670,"52,800"
2022/9/26,630,647,630,632,632,"43,100"
2022/9/22,629,646,626,643,643,"15,500"
2022/9/21,644,644,630,631,631,"16,800"
2022/9/20,660,662,635,644,644,"42,800"
2022/9/16,664,667,655,657,657,"41,600"
2022/9/15,679,682,666,667,667,"15,900"
2022/9/14,675,677,659,666,666,"56,400"
2022/9/13,690,700,680,685,685,"26,000"
2022/9/12,707,707,690,690,690,"16,800"
2022/9/9,700,710,696,699,699,"44,700"
2022/9/8,711,711,682,690,690,"40,800"
2022/9/7,698,710,677,699,699,"39,400"
2022/9/6,679,710,675,698,698,"69,800"
2022/9/5,665,687,657,677,677,"25,900"
2022/9/2,675,682,658,665,665,"38,400"
2022/9/1,682,689,673,679,679,"28,500"
2022/8/31,696,696,685,689,689,"33,000"
2022/8/30,706,706,689,703,703,"22,600"
2022/8/29,676,709,672,704,704,"93,800"
2022/8/26,739,740,708,708,708,"81,600"
2022/8/25,750,750,730,735,735,"39,100"
2022/8/24,730,748,721,748,748,"67,500"
2022/8/23,718,733,713,728,728,"30,100"
2022/8/22,696,730,692,730,730,"81,300"
2022/8/19,721,732,700,714,714,"86,000"
2022/8/18,671,719,666,707,707,"101,000"
2022/8/17,662,701,662,685,685,"165,900"
2022/8/16,671,671,637,657,657,"193,100"
2022/8/15,616,626,614,621,621,"55,600"
2022/8/12,615,616,606,614,614,"20,200"
2022/8/10,611,613,608,610,610,"17,200"
2022/8/9,614,619,611,613,613,"14,800"
2022/8/8,618,620,614,614,614,"16,200"
2022/8/5,625,627,617,624,624,"19,600"
2022/8/4,619,626,617,625,625,"21,900"
2022/8/3,623,624,612,619,619,"18,600"
2022/8/2,614,620,603,620,620,"17,800"
2022/8/1,610,616,602,616,616,"18,100"
2022/7/29,601,613,601,610,610,"16,000"
2022/7/28,600,604,591,601,601,"13,200"
2022/7/27,595,596,589,596,596,"8,500"
2022/7/26,594,600,589,595,595,"13,900"
2022/7/25,610,610,590,594,594,"30,900"
2022/7/22,615,618,605,610,610,"36,600"
2022/7/21,600,621,599,619,619,"53,200"
2022/7/20,585,600,583,596,596,"27,400"
2022/7/19,581,585,576,579,579,"19,100"
2022/7/15,583,584,575,583,583,"14,600"
2022/7/14,575,587,575,576,576,"21,600"
2022/7/13,574,582,572,582,582,"20,800"
2022/7/12,585,590,574,574,574,"43,600"
2022/7/11,596,601,587,590,590,"24,300"
2022/7/8,587,594,580,587,587,"31,500"
2022/7/7,585,594,580,587,587,"23,100"
2022/7/6,573,590,573,585,585,"29,300"
2022/7/5,570,582,569,573,573,"22,300"
2022/7/4,570,580,568,569,569,"20,800"
2022/7/1,573,583,561,565,565,"70,900"
2022/6/30,592,596,575,576,576,"57,600"
2022/6/29,591,606,589,594,594,"69,600"
2022/6/28,610,630,596,611,611,"296,800"
2022/6/27,605,608,586,600,600,"250,600"
2022/6/24,580,610,580,609,609,"77,000"
2022/6/23,589,593,573,573,573,"44,000"
2022/6/22,603,603,585,589,589,"37,100"
2022/6/21,581,603,580,600,600,"60,600"
2022/6/20,598,599,569,580,580,"59,300"
2022/6/17,572,594,566,579,579,"78,100"
2022/6/16,593,606,580,582,582,"66,100"
2022/6/15,614,614,592,592,592,"40,600"
2022/6/14,599,604,592,604,604,"66,900"
2022/6/13,611,611,602,606,606,"50,100"
2022/6/10,637,640,620,621,621,"49,600"
2022/6/9,634,655,631,654,654,"63,600"
2022/6/8,624,634,621,634,634,"41,300"
2022/6/7,620,620,608,618,618,"19,200"
2022/6/6,608,619,602,619,619,"22,200"
2022/6/3,618,620,612,618,618,"23,100"
2022/6/2,618,618,602,610,610,"31,300"
2022/6/1,627,630,613,614,614,"26,200"
2022/5/31,628,633,613,627,627,"18,900"
2022/5/30,585,628,585,628,628,"104,000"
2022/5/27,611,617,580,580,580,"106,500"
2022/5/26,601,617,601,607,607,"42,600"
2022/5/25,609,609,597,604,604,"68,200"
2022/5/24,624,624,603,609,609,"84,900"
2022/5/23,625,630,621,625,625,"27,900"
2022/5/20,628,629,618,625,625,"38,200"
2022/5/19,620,644,620,629,629,"62,800"
2022/5/18,643,676,643,649,649,"59,900"
2022/5/17,647,661,625,631,631,"73,200"
2022/5/16,655,683,637,657,657,"90,900"
2022/5/13,632,661,630,655,655,"39,400"
2022/5/12,652,652,630,630,630,"49,000"
2022/5/11,665,682,648,665,665,"27,900"
2022/5/10,658,665,631,665,665,"58,400"
2022/5/9,672,672,654,655,655,"40,200"
2022/5/6,684,688,665,682,682,"28,100"
2022/5/2,681,695,676,684,684,"15,500"
2022/4/28,695,695,682,691,691,"9,700"
2022/4/27,680,698,667,697,697,"59,300"
2022/4/26,690,701,681,701,701,"21,700"
2022/4/25,679,695,671,690,690,"42,400"
2022/4/22,691,705,684,699,699,"61,300"
2022/4/21,703,720,685,709,709,"56,800"
2022/4/20,740,741,713,717,717,"62,900"
2022/4/19,743,750,729,740,740,"36,400"
2022/4/18,747,755,735,735,735,"72,100"
2022/4/15,770,777,747,764,764,"60,100"
2022/4/14,790,790,769,778,778,"39,500"
2022/4/13,745,802,745,788,788,"78,800"
2022/4/12,747,763,739,741,741,"52,000"
2022/4/11,766,778,758,758,758,"33,700"
2022/4/8,761,784,761,782,782,"31,800"
2022/4/7,777,777,756,758,758,"54,400"
2022/4/6,801,807,789,796,796,"74,200"
2022/4/5,815,827,804,823,823,"50,800"
2022/4/4,800,816,789,806,806,"65,300"
2022/4/1,775,802,746,801,801,"67,800"
2022/3/31,755,795,736,775,775,"67,800"
2022/3/30,726,765,726,764,764,"71,600"
2022/3/29,700,726,700,726,726,"36,600"
2022/3/28,714,714,686,695,695,"44,800"
2022/3/25,724,732,707,714,714,"45,500"
2022/3/24,710,723,699,717,717,"39,400"
2022/3/23,691,722,690,718,718,"65,400"
2022/3/22,702,702,680,692,692,"40,900"
2022/3/18,701,702,684,700,700,"51,500"
2022/3/17,677,700,677,696,696,"86,900"
2022/3/16,649,664,640,658,658,"59,100"
2022/3/15,621,638,615,632,632,"41,900"
2022/3/14,625,635,618,622,622,"30,700"
2022/3/11,629,631,606,618,618,"63,800"
2022/3/10,638,645,630,630,630,"48,400"
2022/3/9,615,633,601,608,608,"97,000"
2022/3/8,604,643,604,615,615,"82,700"
2022/3/7,640,643,601,624,624,"149,100"
2022/3/4,665,667,641,650,650,"74,300"
2022/3/3,706,717,671,675,675,"74,500"
2022/3/2,702,708,673,696,696,"102,600"
2022/3/1,688,725,688,720,720,"99,600"
2022/2/28,659,673,641,672,672,"77,500"
2022/2/25,620,665,620,662,662,"176,700"
2022/2/24,615,638,597,602,602,"178,900"
2022/2/22,617,637,617,629,629,"62,700"
2022/2/21,618,641,606,637,637,"81,700"
2022/2/18,609,640,606,625,625,"86,900"
2022/2/17,642,645,625,628,628,"65,700"
2022/2/16,649,657,633,639,639,"68,000"
2022/2/15,660,662,631,633,633,"98,800"
2022/2/14,661,661,632,642,642,"130,500"
2022/2/10,670,692,665,689,689,"97,000"
2022/2/9,664,675,653,668,668,"36,600"
2022/2/8,650,671,639,644,644,"85,500"
2022/2/7,671,674,643,654,654,"58,700"
2022/2/4,650,671,633,671,671,"96,900"
2022/2/3,670,675,653,658,658,"93,300"
2022/2/2,674,698,665,698,698,"95,700"
2022/2/1,660,680,643,644,644,"108,900"
2022/1/31,611,660,610,650,650,"104,700"
2022/1/28,622,635,606,620,620,"114,300"
2022/1/27,656,668,610,615,615,"202,100"
2022/1/26,645,679,640,665,665,"119,100"
2022/1/25,703,718,638,645,645,"210,100"
2022/1/24,683,702,667,701,701,"77,100"
2022/1/21,691,704,675,693,693,"79,500"
2022/1/20,675,720,673,720,720,"127,400"
2022/1/19,721,725,681,683,683,"146,000"
2022/1/18,745,760,726,736,736,"64,600"
2022/1/17,742,756,731,741,741,"75,700"
2022/1/14,766,768,731,739,739,"197,000"
2022/1/13,823,831,785,786,786,"81,600"
2022/1/12,805,837,801,836,836,"68,400"
2022/1/11,800,800,770,784,784,"96,300"
2022/1/7,810,832,782,804,804,"128,900"
2022/1/6,841,846,801,810,810,"155,800"
2022/1/5,892,892,845,856,856,"125,200"
2022/1/4,931,955,897,905,905,"88,700"
2021/12/30,927,927,909,927,927,"65,100"
2021/12/29,917,945,913,927,927,"79,100"
2021/12/28,906,929,895,923,923,"142,400"
2021/12/27,936,940,885,891,891,"129,700"
2021/12/24,951,974,935,936,936,"80,000"
2021/12/23,939,952,923,936,936,"90,500"
2021/12/22,890,936,880,924,924,"194,100"
2021/12/21,845,871,836,856,856,"74,400"
2021/12/20,867,872,835,847,847,"139,400"
2021/12/17,877,900,862,873,873,"106,900"
2021/12/16,900,909,875,877,877,"64,800"
2021/12/15,871,902,871,872,872,"93,900"
2021/12/14,895,910,871,878,878,"97,700"
2021/12/13,927,931,895,906,906,"102,600"
2021/12/10,952,952,918,922,922,"99,200"
2021/12/9,977,981,951,951,951,"61,100"
2021/12/8,980,996,960,981,981,"61,200"
2021/12/7,930,965,929,965,965,"53,800"
2021/12/6,939,942,920,929,929,"64,500"
2021/12/3,935,959,911,954,954,"76,000"
2021/12/2,940,972,915,920,920,"111,600"
2021/12/1,941,967,915,964,964,"70,100"
2021/11/30,985,"1,018.00",941,941,941,"91,200"
2021/11/29,956,"1,007.00",938,965,965,"109,600"
2021/11/26,988,989,940,971,971,"105,600"
2021/11/25,"1,019.00","1,048.00",980,995,995,"104,400"
2021/11/24,"1,045.00","1,045.00",997,"1,009.00","1,009.00","131,100"
2021/11/22,"1,051.00","1,064.00","1,036.00","1,046.00","1,046.00","77,900"
2021/11/19,"1,085.00","1,105.00","1,045.00","1,061.00","1,061.00","126,300"
2021/11/18,"1,132.00","1,136.00","1,074.00","1,084.00","1,084.00","150,100"
2021/11/17,"1,166.00","1,233.00","1,118.00","1,141.00","1,141.00","141,800"
2021/11/16,"1,067.00","1,182.00","1,054.00","1,166.00","1,166.00","279,500"
2021/11/15,"1,135.00","1,199.00","1,131.00","1,183.00","1,183.00","282,000"
2021/11/12,"1,065.00","1,127.00","1,065.00","1,111.00","1,111.00","99,500"
2021/11/11,"1,035.00","1,077.00","1,026.00","1,075.00","1,075.00","56,200"
2021/11/10,"1,052.00","1,071.00","1,031.00","1,048.00","1,048.00","42,100"
2021/11/9,"1,068.00","1,083.00","1,040.00","1,057.00","1,057.00","96,000"
2021/11/8,"1,142.00","1,146.00","1,061.00","1,061.00","1,061.00","204,100"
2021/11/5,"1,098.00","1,179.00","1,090.00","1,150.00","1,150.00","221,800"
2021/11/4,"1,098.00","1,118.00","1,075.00","1,086.00","1,086.00","59,100"
2021/11/2,"1,108.00","1,114.00","1,081.00","1,089.00","1,089.00","65,100"
2021/11/1,"1,100.00","1,120.00","1,092.00","1,119.00","1,119.00","68,900"
2021/10/29,"1,075.00","1,085.00","1,060.00","1,071.00","1,071.00","57,800"
2021/10/28,"1,045.00","1,080.00","1,042.00","1,071.00","1,071.00","51,800"
2021/10/27,"1,061.00","1,062.00","1,040.00","1,062.00","1,062.00","35,600"
2021/10/26,"1,030.00","1,065.00","1,030.00","1,056.00","1,056.00","59,900"
2021/10/25,"1,027.00","1,039.00","1,011.00","1,029.00","1,029.00","41,000"
2021/10/22,"1,031.00","1,049.00","1,018.00","1,035.00","1,035.00","28,700"
2021/10/21,"1,060.00","1,069.00","1,033.00","1,037.00","1,037.00","62,100"
2021/10/20,"1,087.00","1,088.00","1,060.00","1,061.00","1,061.00","31,100"
2021/10/19,"1,046.00","1,079.00","1,046.00","1,070.00","1,070.00","41,600"
2021/10/18,"1,065.00","1,065.00","1,043.00","1,045.00","1,045.00","57,900"
2021/10/15,"1,045.00","1,073.00","1,045.00","1,070.00","1,070.00","53,700"
2021/10/14,"1,040.00","1,073.00","1,040.00","1,049.00","1,049.00","65,100"
2021/10/13,"1,046.00","1,064.00","1,027.00","1,034.00","1,034.00","58,200"
2021/10/12,"1,080.00","1,086.00","1,052.00","1,061.00","1,061.00","83,000"
2021/10/11,"1,057.00","1,098.00","1,035.00","1,091.00","1,091.00","84,900"
2021/10/8,"1,040.00","1,058.00","1,040.00","1,055.00","1,055.00","36,900"
2021/10/7,"1,005.00","1,055.00","1,002.00","1,037.00","1,037.00","79,100"
2021/10/6,"1,035.00","1,057.00",999,"1,004.00","1,004.00","126,900"
2021/10/5,"1,020.00","1,045.00",985,"1,033.00","1,033.00","199,100"
2021/10/4,"1,124.00","1,124.00","1,031.00","1,031.00","1,031.00","192,300"
2021/10/1,"1,076.00","1,133.00","1,070.00","1,130.00","1,130.00","112,700"
2021/9/30,"1,113.00","1,120.00","1,074.00","1,093.00","1,093.00","60,300"
2021/9/29,"1,096.00","1,123.00","1,086.00","1,113.00","1,113.00","77,900"
2021/9/28,"1,133.00","1,187.00","1,111.00","1,125.00","1,125.00","191,300"
2021/9/27,"1,112.00","1,126.00","1,080.00","1,085.00","1,085.00","77,800"
2021/9/24,"1,075.00","1,104.00","1,075.00","1,086.00","1,086.00","89,600"
2021/9/22,"1,095.00","1,105.00","1,053.00","1,056.00","1,056.00","91,400"
2021/9/21,"1,076.00","1,108.00","1,057.00","1,093.00","1,093.00","115,900"
2021/9/17,"1,110.00","1,150.00","1,098.00","1,144.00","1,144.00","104,800"
2021/9/16,"1,147.00","1,155.00","1,087.00","1,090.00","1,090.00","147,100"
2021/9/15,"1,194.00","1,195.00","1,145.00","1,162.00","1,162.00","122,100"
2021/9/14,"1,195.00","1,226.00","1,177.00","1,202.00","1,202.00","166,500"
2021/9/13,"1,188.00","1,206.00","1,154.00","1,199.00","1,199.00","174,500"
2021/9/10,"1,115.00","1,199.00","1,110.00","1,198.00","1,198.00","234,000"
2021/9/9,"1,140.00","1,140.00","1,090.00","1,104.00","1,104.00","165,900"
2021/9/8,"1,145.00","1,162.00","1,116.00","1,156.00","1,156.00","118,100"
2021/9/7,"1,165.00","1,184.00","1,136.00","1,141.00","1,141.00","114,700"
2021/9/6,"1,161.00","1,170.00","1,122.00","1,160.00","1,160.00","203,300"
2021/9/3,"1,202.00","1,204.00","1,155.00","1,178.00","1,178.00","193,300"
2021/9/2,"1,260.00","1,260.00","1,192.00","1,204.00","1,204.00","104,100"
2021/9/1,"1,250.00","1,276.00","1,202.00","1,245.00","1,245.00","140,600"
2021/8/31,"1,215.00","1,253.00","1,211.00","1,231.00","1,231.00","151,100"
2021/8/30,"1,226.00","1,249.00","1,195.00","1,221.00","1,221.00","106,500"
2021/8/27,"1,201.00","1,230.00","1,154.00","1,224.00","1,224.00","213,300"
2021/8/26,"1,220.00","1,255.00","1,201.00","1,215.00","1,215.00","214,700"
2021/8/25,"1,185.00","1,262.00","1,172.00","1,239.00","1,239.00","381,700"
2021/8/24,"1,167.00","1,197.00","1,131.00","1,161.00","1,161.00","291,500"
2021/8/23,"1,086.00","1,150.00","1,081.00","1,147.00","1,147.00","405,900"
2021/8/20,998,"1,078.00",995,"1,057.00","1,057.00","290,400"
2021/8/19,"1,019.00","1,066.00","1,002.00","1,008.00","1,008.00","269,300"
2021/8/18,964,"1,052.00",905,"1,052.00","1,052.00","322,600"
2021/8/17,"1,020.00","1,028.00",944,994,994,"618,100"
2021/8/16,996,996,996,996,996,"46,000"
2021/8/13,875,898,843,846,846,"122,800"
2021/8/12,887,905,871,875,875,"50,200"
2021/8/11,883,900,878,889,889,"35,100"
2021/8/10,845,885,834,883,883,"64,900"
2021/8/6,852,876,840,845,845,"93,200"
2021/8/5,873,886,864,866,866,"49,000"
2021/8/4,901,917,861,863,863,"121,900"
2021/8/3,898,906,888,901,901,"46,400"
2021/8/2,915,935,889,899,899,"100,000"
2021/7/30,925,940,909,915,915,"43,000"
2021/7/29,921,952,916,940,940,"53,700"
2021/7/28,935,948,918,921,921,"61,400"
2021/7/27,958,959,932,941,941,"63,500"
2021/7/26,953,983,953,958,958,"41,200"
2021/7/21,956,975,942,953,953,"40,400"
2021/7/20,946,971,943,944,944,"72,000"
2021/7/19,935,955,928,946,946,"55,600"
2021/7/16,934,950,929,939,939,"48,200"
2021/7/15,974,980,939,941,941,"61,700"
2021/7/14,970,988,969,983,983,"32,200"
2021/7/13,980,993,973,976,976,"41,800"
2021/7/12,953,970,952,969,969,"49,100"
2021/7/9,905,947,892,945,945,"86,900"
2021/7/8,950,956,916,918,918,"103,800"
2021/7/7,973,976,936,940,940,"112,800"
2021/7/6,988,989,970,975,975,"44,600"
2021/7/5,991,"1,019.00",974,980,980,"76,500"
2021/7/2,975,"1,011.00",975,"1,004.00","1,004.00","60,500"
2021/7/1,999,"1,011.00",973,975,975,"106,500"
2021/6/30,"1,013.00","1,057.00","1,005.00","1,005.00","1,005.00","129,800"
2021/6/29,995,"1,029.00",987,"1,012.00","1,012.00","130,000"
2021/6/28,992,"1,010.00",983,987,987,"92,100"
2021/6/25,996,996,978,985,985,"67,400"
2021/6/24,970,989,970,981,981,"60,500"
2021/6/23,978,"1,006.00",959,974,974,"104,200"
2021/6/22,940,974,932,970,970,"94,100"
2021/6/21,918,936,911,931,931,"80,500"
2021/6/18,950,965,932,936,936,"65,800"
2021/6/17,957,957,933,948,948,"96,700"
2021/6/16,"1,004.00","1,004.00",956,968,968,"120,600"
2021/6/15,"1,018.00","1,018.00",987,992,992,"99,000"
2021/6/14,"1,020.00","1,020.00",993,"1,007.00","1,007.00","101,300"
2021/6/11,992,"1,007.00",978,"1,001.00","1,001.00","92,700"
2021/6/10,975,994,972,977,977,"73,500"
2021/6/9,987,994,958,969,969,"83,200"
2021/6/8,950,982,950,976,976,"100,600"
2021/6/7,931,958,929,951,951,"58,000"
2021/6/4,950,950,926,927,927,"82,600"
2021/6/3,955,963,937,950,950,"61,100"
2021/6/2,951,974,942,955,955,"124,600"
2021/6/1,994,995,942,948,948,"239,300"
2021/5/31,952,"1,010.00",952,"1,004.00","1,004.00","156,400"
2021/5/28,984,987,949,955,955,"110,500"
2021/5/27,945,969,938,957,957,"95,600"
2021/5/26,934,946,928,946,946,"70,200"
2021/5/25,948,961,924,935,935,"139,500"
2021/5/24,925,944,894,934,934,"177,700"
2021/5/21,922,937,913,924,924,"266,600"
2021/5/20,944,946,888,922,922,"389,400"
2021/5/19,890,959,867,946,946,"582,900"
2021/5/18,824,912,780,882,882,"1,233,300"
2021/5/17,"1,066.00","1,083.00","1,005.00","1,019.00","1,019.00","274,400"
2021/5/14,"1,031.00","1,063.00","1,016.00","1,036.00","1,036.00","150,500"
2021/5/13,"1,005.00","1,043.00","1,001.00","1,005.00","1,005.00","273,200"
2021/5/12,"1,089.00","1,110.00","1,046.00","1,065.00","1,065.00","173,700"
2021/5/11,"1,133.00","1,133.00","1,080.00","1,083.00","1,083.00","143,600"
2021/5/10,"1,149.00","1,160.00","1,128.00","1,141.00","1,141.00","101,200"
2021/5/7,"1,141.00","1,158.00","1,131.00","1,148.00","1,148.00","128,600"
2021/5/6,"1,156.00","1,160.00","1,131.00","1,140.00","1,140.00","118,900"
2021/4/30,"1,199.00","1,199.00","1,153.00","1,168.00","1,168.00","144,000"
2021/4/28,"1,232.00","1,241.00","1,175.00","1,203.00","1,203.00","189,300"
2021/4/27,"1,235.00","1,249.00","1,226.00","1,232.00","1,232.00","108,400"
2021/4/26,"1,275.00","1,278.00","1,235.00","1,235.00","1,235.00","112,500"
2021/4/23,"1,268.00","1,312.00","1,256.00","1,280.00","1,280.00","86,600"
2021/4/22,"1,268.00","1,282.00","1,256.00","1,275.00","1,275.00","87,900"
2021/4/21,"1,280.00","1,292.00","1,227.00","1,238.00","1,238.00","215,600"
2021/4/20,"1,311.00","1,326.00","1,293.00","1,298.00","1,298.00","125,500"
2021/4/19,"1,342.00","1,350.00","1,308.00","1,323.00","1,323.00","124,200"
2021/4/16,"1,284.00","1,346.00","1,283.00","1,344.00","1,344.00","147,400"
2021/4/15,"1,342.00","1,342.00","1,284.00","1,284.00","1,284.00","221,600"
2021/4/14,"1,340.00","1,353.00","1,325.00","1,333.00","1,333.00","99,900"
2021/4/13,"1,315.00","1,340.00","1,305.00","1,323.00","1,323.00","108,300"
2021/4/12,"1,356.00","1,360.00","1,315.00","1,318.00","1,318.00","169,700"
2021/4/9,"1,352.00","1,376.00","1,329.00","1,368.00","1,368.00","99,900"
2021/4/8,"1,379.00","1,379.00","1,330.00","1,352.00","1,352.00","156,500"
2021/4/7,"1,396.00","1,408.00","1,367.00","1,368.00","1,368.00","124,300"
2021/4/6,"1,410.00","1,439.00","1,379.00","1,394.00","1,394.00","106,900"
2021/4/5,"1,434.00","1,435.00","1,388.00","1,416.00","1,416.00","129,000"
2021/4/2,"1,454.00","1,456.00","1,410.00","1,417.00","1,417.00","131,800"
2021/4/1,"1,462.00","1,468.00","1,425.00","1,444.00","1,444.00","168,700"
2021/3/31,"1,347.00","1,456.00","1,347.00","1,446.00","1,446.00","204,300"
2021/3/30,"1,387.00","1,396.00","1,333.00","1,357.00","1,357.00","314,800"
2021/3/29,"1,455.00","1,470.00","1,387.00","1,403.00","1,403.00","227,200"
2021/3/26,"1,427.00","1,458.00","1,394.00","1,447.00","1,447.00","203,800"
2021/3/25,"1,380.00","1,422.00","1,315.00","1,415.00","1,415.00","248,300"
2021/3/24,"1,470.00","1,470.00","1,366.00","1,370.00","1,370.00","420,200"
2021/3/23,"1,565.00","1,570.00","1,480.00","1,494.00","1,494.00","341,400"
2021/3/22,"1,436.00","1,496.00","1,427.00","1,489.00","1,489.00","234,300"
2021/3/19,"1,390.00","1,428.00","1,374.00","1,417.00","1,417.00","174,200"
2021/3/18,"1,458.00","1,463.00","1,410.00","1,420.00","1,420.00","143,300"
2021/3/17,"1,475.00","1,493.00","1,420.00","1,432.00","1,432.00","194,500"
2021/3/16,"1,456.00","1,506.00","1,429.00","1,473.00","1,473.00","281,900"
2021/3/15,"1,420.00","1,435.00","1,382.00","1,422.00","1,422.00","242,000"
2021/3/12,"1,335.00","1,390.00","1,322.00","1,386.00","1,386.00","175,200"
2021/3/11,"1,280.00","1,321.00","1,255.00","1,318.00","1,318.00","135,500"
2021/3/10,"1,330.00","1,348.00","1,297.00","1,298.00","1,298.00","88,300"
2021/3/9,"1,289.00","1,313.00","1,225.00","1,300.00","1,300.00","153,400"
2021/3/8,"1,359.00","1,390.00","1,283.00","1,283.00","1,283.00","183,700"
2021/3/5,"1,332.00","1,342.00","1,266.00","1,331.00","1,331.00","231,600"
2021/3/4,"1,357.00","1,389.00","1,328.00","1,362.00","1,362.00","223,200"
2021/3/3,"1,437.00","1,460.00","1,374.00","1,386.00","1,386.00","194,100"
2021/3/2,"1,453.00","1,492.00","1,416.00","1,432.00","1,432.00","203,500"
2021/3/1,"1,414.00","1,452.00","1,381.00","1,426.00","1,426.00","212,200"
2021/2/26,"1,393.00","1,438.00","1,361.00","1,406.00","1,406.00","235,300"
2021/2/25,"1,452.00","1,482.00","1,437.00","1,438.00","1,438.00","222,300"
2021/2/24,"1,514.00","1,526.00","1,427.00","1,436.00","1,436.00","378,000"
2021/2/22,"1,543.00","1,590.00","1,530.00","1,551.00","1,551.00","247,400"
2021/2/19,"1,529.00","1,569.00","1,461.00","1,537.00","1,537.00","387,800"
2021/2/18,"1,633.00","1,642.00","1,519.00","1,560.00","1,560.00","493,500"
2021/2/17,"1,700.00","1,706.00","1,629.00","1,668.00","1,668.00","368,800"
2021/2/16,"1,646.00","1,759.00","1,646.00","1,750.00","1,750.00","543,900"
2021/2/15,"1,688.00","1,710.00","1,601.00","1,603.00","1,603.00","665,700"
2021/2/12,"1,751.00","1,799.00","1,720.00","1,780.00","1,780.00","319,800"
2021/2/10,"1,826.00","1,838.00","1,745.00","1,767.00","1,767.00","334,000"
2021/2/9,"1,916.00","1,945.00","1,770.00","1,841.00","1,841.00","873,600"
2021/2/8,"1,794.00","1,900.00","1,732.00","1,885.00","1,885.00","609,800"
2021/2/5,"1,758.00","1,799.00","1,728.00","1,754.00","1,754.00","289,600"
2021/2/4,"1,716.00","1,831.00","1,705.00","1,757.00","1,757.00","517,100"
2021/2/3,"1,666.00","1,737.00","1,634.00","1,727.00","1,727.00","399,700"
2021/2/2,"1,699.00","1,700.00","1,626.00","1,657.00","1,657.00","384,400"
2021/2/1,"1,616.00","1,680.00","1,550.00","1,677.00","1,677.00","494,000"
2021/1/29,"1,746.00","1,759.00","1,520.00","1,598.00","1,598.00","1,102,500"
2021/1/28,"1,700.00","1,787.00","1,646.00","1,692.00","1,692.00","1,069,800"
2021/1/27,"1,685.00","1,860.00","1,634.00","1,817.00","1,817.00","1,406,500"
2021/1/26,"1,650.00","1,754.00","1,561.00","1,624.00","1,624.00","1,355,900"
2021/1/25,"1,400.00","1,640.00","1,384.00","1,596.00","1,596.00","1,307,000"
2021/1/22,"1,295.00","1,370.00","1,291.00","1,345.00","1,345.00","362,700"
2021/1/21,"1,250.00","1,302.00","1,231.00","1,295.00","1,295.00","307,200"
2021/1/20,"1,369.00","1,373.00","1,260.00","1,280.00","1,280.00","851,900"
2021/1/19,"1,365.00","1,449.00","1,336.00","1,442.00","1,442.00","225,100"
2021/1/18,"1,370.00","1,488.00","1,342.00","1,360.00","1,360.00","339,400"
2021/1/15,"1,350.00","1,420.00","1,280.00","1,413.00","1,413.00","380,800"
2021/1/14,"1,397.00","1,397.00","1,331.00","1,364.00","1,364.00","237,700"
2021/1/13,"1,490.00","1,490.00","1,321.00","1,397.00","1,397.00","500,100"
2021/1/12,"1,308.00","1,500.00","1,300.00","1,444.00","1,444.00","661,400"
2021/1/8,"1,288.00","1,321.00","1,254.00","1,283.00","1,283.00","290,300"
2021/1/7,"1,204.00","1,290.00","1,196.00","1,247.00","1,247.00","397,700"
2021/1/6,"1,181.00","1,217.00","1,148.00","1,168.00","1,168.00","198,700"
2021/1/5,"1,188.00","1,195.00","1,155.00","1,173.00","1,173.00","152,100"
2021/1/4,"1,180.00","1,212.00","1,146.00","1,208.00","1,208.00","255,900"
2020/12/30,"1,112.00","1,147.00","1,096.00","1,147.00","1,147.00","83,800"
2020/12/29,"1,089.00","1,138.00","1,075.00","1,127.00","1,127.00","107,100"
2020/12/28,"1,088.00","1,126.00","1,074.00","1,092.00","1,092.00","130,800"
2020/12/25,"1,089.00","1,095.00","1,048.00","1,075.00","1,075.00","110,600"
2020/12/24,"1,121.00","1,121.00","1,070.00","1,088.00","1,088.00","165,600"
2020/12/23,"1,106.00","1,127.00","1,091.00","1,121.00","1,121.00","61,600"
2020/12/22,"1,139.00","1,149.00","1,066.00","1,076.00","1,076.00","163,900"
2020/12/21,"1,144.00","1,190.00","1,128.00","1,142.00","1,142.00","96,800"
2020/12/18,"1,166.00","1,172.00","1,125.00","1,140.00","1,140.00","116,900"
2020/12/17,"1,132.00","1,170.00","1,126.00","1,166.00","1,166.00","76,400"
2020/12/16,"1,121.00","1,171.00","1,092.00","1,138.00","1,138.00","167,000"
2020/12/15,"1,182.00","1,182.00","1,100.00","1,111.00","1,111.00","111,100"
2020/12/14,"1,108.00","1,152.00","1,100.00","1,152.00","1,152.00","76,700"
2020/12/11,"1,070.00","1,107.00","1,063.00","1,104.00","1,104.00","74,000"
2020/12/10,"1,075.00","1,096.00","1,049.00","1,053.00","1,053.00","80,700"
2020/12/9,"1,118.00","1,135.00","1,080.00","1,085.00","1,085.00","124,400"
2020/12/8,"1,115.00","1,160.00","1,102.00","1,122.00","1,122.00","163,500"
2020/12/7,"1,216.00","1,225.00","1,095.00","1,116.00","1,116.00","304,500"
2020/12/4,"1,190.00","1,223.00","1,162.00","1,215.00","1,215.00","255,700"
2020/12/3,"1,300.00","1,350.00","1,174.00","1,188.00","1,188.00","491,000"
2020/12/2,"1,198.00","1,255.00","1,172.00","1,246.00","1,246.00","326,800"
2020/12/1,"1,164.00","1,199.00","1,134.00","1,168.00","1,168.00","340,500"
2020/11/30,"1,046.00","1,184.00","1,035.00","1,104.00","1,104.00","458,500"
2020/11/27,"1,052.00","1,065.00","1,021.00","1,021.00","1,021.00","196,200"
2020/11/26,"1,041.00","1,088.00","1,041.00","1,073.00","1,073.00","107,600"
2020/11/25,"1,094.00","1,096.00","1,040.00","1,059.00","1,059.00","183,500"
2020/11/24,"1,060.00","1,110.00","1,041.00","1,101.00","1,101.00","186,200"
2020/11/20,"1,091.00","1,091.00","1,032.00","1,037.00","1,037.00","178,700"
2020/11/19,"1,056.00","1,132.00","1,016.00","1,072.00","1,072.00","386,200"
2020/11/18,"1,071.00","1,104.00","1,060.00","1,064.00","1,064.00","211,800"
2020/11/17,"1,092.00","1,112.00","1,063.00","1,082.00","1,082.00","255,300"
2020/11/16,"1,210.00","1,210.00","1,118.00","1,122.00","1,122.00","295,100"
2020/11/13,"1,231.00","1,231.00","1,171.00","1,208.00","1,208.00","141,400"
2020/11/12,"1,219.00","1,252.00","1,195.00","1,228.00","1,228.00","118,000"
2020/11/11,"1,174.00","1,231.00","1,150.00","1,212.00","1,212.00","169,500"
2020/11/10,"1,285.00","1,294.00","1,192.00","1,209.00","1,209.00","251,600"
2020/11/9,"1,355.00","1,380.00","1,260.00","1,282.00","1,282.00","355,500"
2020/11/6,"1,278.00","1,375.00","1,248.00","1,355.00","1,355.00","434,400"
2020/11/5,"1,220.00","1,253.00","1,208.00","1,243.00","1,243.00","227,700"
2020/11/4,"1,223.00","1,280.00","1,176.00","1,220.00","1,220.00","269,000"
2020/11/2,"1,177.00","1,220.00","1,158.00","1,196.00","1,196.00","206,700"
2020/10/30,"1,218.00","1,245.00","1,169.00","1,177.00","1,177.00","311,100"
2020/10/29,"1,275.00","1,324.00","1,199.00","1,203.00","1,203.00","359,500"
2020/10/28,"1,223.00","1,300.00","1,205.00","1,277.00","1,277.00","206,300"
2020/10/27,"1,172.00","1,289.00","1,152.00","1,247.00","1,247.00","430,800"
2020/10/26,"1,350.00","1,373.00","1,220.00","1,220.00","1,220.00","287,800"
2020/10/23,"1,311.00","1,320.00","1,117.00","1,307.00","1,307.00","536,100"
2020/10/22,"1,295.00","1,354.00","1,295.00","1,311.00","1,311.00","261,300"
2020/10/21,"1,313.00","1,360.00","1,265.00","1,317.00","1,317.00","288,600"
2020/10/20,"1,296.00","1,374.00","1,270.00","1,340.00","1,340.00","344,100"
2020/10/19,"1,390.00","1,471.00","1,315.00","1,326.00","1,326.00","636,400"
2020/10/16,"1,394.00","1,406.00","1,261.00","1,330.00","1,330.00","898,500"
2020/10/15,"1,287.00","1,406.00","1,218.00","1,369.00","1,369.00","1,340,700"
2020/10/14,"1,126.00","1,278.00","1,114.00","1,257.00","1,257.00","756,700"
2020/10/13,"1,149.00","1,150.00","1,081.00","1,123.00","1,123.00","330,000"
2020/10/12,"1,090.00","1,160.00","1,084.00","1,149.00","1,149.00","514,900"
2020/10/9,"1,031.00","1,065.00",995,"1,060.00","1,060.00","376,600"
2020/10/8,936,"1,072.00",936,"1,048.00","1,048.00","1,142,300"
2020/10/7,872,922,868,922,922,"188,300"
2020/10/6,896,900,870,881,881,"117,600"
2020/10/5,880,891,869,890,890,"163,200"
2020/10/2,890,890,854,857,857,"200,300"
2020/9/30,915,920,867,875,875,"267,500"
2020/9/29,902,935,888,908,908,"342,600"
2020/9/28,895,936,860,872,872,"399,500"
2020/9/25,845,881,837,881,881,"221,700"
2020/9/24,890,890,807,838,838,"345,100"
2020/9/23,870,899,851,894,894,"285,700"
2020/9/18,814,839,797,831,831,"144,300"
2020/9/17,850,873,814,815,815,"278,900"
2020/9/16,822,830,789,830,830,"190,000"
2020/9/15,798,814,796,811,811,"123,700"
2020/9/14,780,817,777,813,813,"132,900"
2020/9/11,777,777,745,773,773,"92,600"
2020/9/10,774,787,760,766,766,"74,200"
2020/9/9,749,777,748,770,770,"75,300"
2020/9/8,741,762,733,760,760,"90,300"
2020/9/7,768,775,751,752,752,"103,500"
2020/9/4,770,790,762,768,768,"130,700"
2020/9/3,783,805,777,794,794,"104,900"
2020/9/2,818,818,773,782,782,"147,600"
2020/9/1,800,826,789,818,818,"105,200"
2020/8/31,795,832,778,800,800,"97,400"
2020/8/28,841,841,776,798,798,"173,200"
2020/8/27,876,876,824,840,840,"110,600"
2020/8/26,846,878,823,867,867,"143,000"
2020/8/25,898,898,833,846,846,"170,300"
2020/8/24,899,904,864,902,902,"234,900"
2020/8/21,821,861,810,859,859,"86,200"
2020/8/20,856,859,795,806,806,"168,100"
2020/8/19,888,888,840,848,848,"68,600"
2020/8/18,864,908,825,872,872,"237,000"
2020/8/17,925,925,852,865,865,"519,300"
2020/8/14,730,788,725,775,775,"94,700"
2020/8/13,749,760,731,745,745,"37,300"
2020/8/12,750,750,722,742,742,"36,900"
2020/8/11,766,774,730,754,754,"75,500"
2020/8/7,793,795,753,763,763,"46,100"
2020/8/6,767,788,752,778,778,"40,600"
2020/8/5,744,769,718,752,752,"43,500"
2020/8/4,786,786,744,756,756,"66,200"
2020/8/3,671,748,671,741,741,"90,000"
2020/7/31,700,700,650,671,671,"92,600"
2020/7/30,746,750,679,696,696,"114,400"
2020/7/29,790,790,731,737,737,"97,400"
2020/7/28,795,804,791,793,793,"39,200"
2020/7/27,801,811,785,804,804,"42,600"
2020/7/22,812,814,801,811,811,"32,200"
2020/7/21,805,826,802,812,812,"29,600"
2020/7/20,829,830,806,808,808,"25,700"
2020/7/17,836,836,816,829,829,"24,500"
2020/7/16,825,838,816,836,836,"50,300"
2020/7/15,832,844,814,840,840,"34,800"
2020/7/14,865,882,814,823,823,"51,200"
2020/7/13,860,890,857,880,880,"41,700"
2020/7/10,909,909,855,857,857,"40,900"
2020/7/9,944,950,888,910,910,"48,800"
2020/7/8,950,964,909,933,933,"62,600"
2020/7/7,968,980,936,962,962,"128,000"
2020/7/6,862,932,852,929,929,"107,700"
2020/7/3,749,849,749,844,844,"91,300"
2020/7/2,820,826,738,749,749,"94,600"
2020/7/1,868,868,816,819,819,"94,600"
2020/6/30,907,925,846,872,872,"83,600"
2020/6/29,950,950,881,892,892,"104,800"
2020/6/26,"3,890.00","3,925.00","3,860.00","3,870.00",967.5,"15,800"
2020/6/25,"3,920.00","3,960.00","3,860.00","3,890.00",972.5,"19,200"
2020/6/24,"4,015.00","4,060.00","3,985.00","3,990.00",997.5,"17,700"
2020/6/23,"3,950.00","4,035.00","3,860.00","4,015.00","1,003.70","20,400"
2020/6/22,"3,925.00","3,980.00","3,860.00","3,890.00",972.5,"20,300"
2020/6/19,"3,790.00","3,960.00","3,775.00","3,955.00",988.7,"23,900"
2020/6/18,"3,865.00","3,930.00","3,815.00","3,830.00",957.5,"17,100"
2020/6/17,"3,920.00","3,980.00","3,900.00","3,935.00",983.7,"10,700"
2020/6/16,"3,915.00","4,015.00","3,900.00","3,940.00",985,"13,200"
2020/6/15,"4,105.00","4,125.00","3,830.00","3,890.00",972.5,"38,400"
2020/6/12,"3,845.00","4,135.00","3,820.00","4,105.00","1,026.20","20,700"
2020/6/11,"4,180.00","4,250.00","4,105.00","4,125.00","1,031.20","11,100"
2020/6/10,"4,210.00","4,255.00","4,155.00","4,200.00","1,050.00","7,600"
2020/6/9,"4,140.00","4,265.00","4,080.00","4,260.00","1,065.00","10,100"
2020/6/8,"4,050.00","4,175.00","4,050.00","4,100.00","1,025.00","13,400"
2020/6/5,"4,120.00","4,210.00","4,040.00","4,065.00","1,016.20","18,700"
2020/6/4,"4,235.00","4,240.00","4,145.00","4,180.00","1,045.00","14,300"
2020/6/3,"4,385.00","4,405.00","4,215.00","4,240.00","1,060.00","19,100"
2020/6/2,"4,280.00","4,410.00","4,280.00","4,305.00","1,076.20","17,000"
2020/6/1,"4,265.00","4,370.00","4,260.00","4,280.00","1,070.00","15,300"
2020/5/29,"4,220.00","4,375.00","4,220.00","4,275.00","1,068.70","10,100"
2020/5/28,"4,370.00","4,450.00","4,265.00","4,320.00","1,080.00","13,500"
2020/5/27,"4,345.00","4,460.00","4,305.00","4,395.00","1,098.70","13,700"
2020/5/26,"4,700.00","4,895.00","4,215.00","4,385.00","1,096.20","87,100"
2020/5/25,"4,405.00","4,545.00","4,320.00","4,540.00","1,135.00","36,400"
2020/5/22,"4,395.00","4,420.00","4,270.00","4,395.00","1,098.70","32,000"
2020/5/21,"4,320.00","4,475.00","4,230.00","4,245.00","1,061.20","30,500"
2020/5/20,"4,195.00","4,400.00","4,190.00","4,350.00","1,087.50","29,300"
2020/5/19,"4,240.00","4,245.00","4,105.00","4,175.00","1,043.70","19,700"
2020/5/18,"4,185.00","4,240.00","4,120.00","4,165.00","1,041.20","34,800"
2020/5/15,"4,000.00","4,110.00","3,910.00","3,975.00",993.7,"61,100"
2020/5/14,"3,790.00","3,895.00","3,560.00","3,690.00",922.5,"36,300"
2020/5/13,"3,910.00","3,925.00","3,850.00","3,860.00",965,"10,100"
2020/5/12,"3,900.00","4,120.00","3,835.00","3,855.00",963.7,"23,700"
2020/5/11,"3,895.00","3,960.00","3,845.00","3,875.00",968.7,"13,400"
2020/5/8,"3,940.00","3,980.00","3,800.00","3,910.00",977.5,"14,300"
2020/5/7,"3,755.00","4,035.00","3,710.00","3,865.00",966.2,"20,900"
2020/5/1,"3,995.00","4,020.00","3,755.00","3,825.00",956.2,"22,100"
2020/4/30,"4,170.00","4,250.00","4,000.00","4,055.00","1,013.70","23,000"
2020/4/28,"4,375.00","4,375.00","4,130.00","4,155.00","1,038.70","19,900"
2020/4/27,"4,465.00","4,490.00","4,305.00","4,335.00","1,083.70","18,500"
2020/4/24,"4,590.00","4,645.00","4,260.00","4,395.00","1,098.70","74,300"
2020/4/23,"4,120.00","4,490.00","4,070.00","4,490.00","1,122.50","61,100"
2020/4/22,"3,870.00","4,070.00","3,615.00","4,070.00","1,017.50","59,400"
2020/4/21,"4,520.00","4,580.00","3,810.00","3,975.00",993.7,"123,100"
2020/4/20,"4,160.00","4,510.00","4,080.00","4,510.00","1,127.50","160,300"
2020/4/17,"3,920.00","3,980.00","3,735.00","3,810.00",952.5,"37,800"
2020/4/16,"3,400.00","3,960.00","3,345.00","3,880.00",970,"87,800"
2020/4/15,"3,155.00","3,395.00","3,155.00","3,260.00",815,"22,300"
2020/4/14,"3,000.00","3,450.00","2,991.00","3,195.00",798.7,"52,600"
2020/4/13,"2,949.00","2,999.00","2,891.00","2,988.00",747,"13,200"
2020/4/10,"2,862.00","2,968.00","2,700.00","2,899.00",724.7,"27,300"
2020/4/9,"2,551.00","2,850.00","2,538.00","2,850.00",712.5,"33,600"
2020/4/8,"2,306.00","2,498.00","2,282.00","2,498.00",624.5,"14,800"
2020/4/7,"2,280.00","2,361.00","2,268.00","2,302.00",575.5,"11,900"
2020/4/6,"2,201.00","2,250.00","2,154.00","2,243.00",560.7,"24,100"
2020/4/3,"2,241.00","2,285.00","2,220.00","2,224.00",556,"10,000"
2020/4/2,"2,170.00","2,295.00","2,170.00","2,239.00",559.7,"11,000"
2020/4/1,"2,195.00","2,280.00","2,170.00","2,170.00",542.5,"9,200"
2020/3/31,"2,322.00","2,322.00","2,205.00","2,235.00",558.7,"31,900"
2020/3/30,"2,200.00","2,305.00","2,132.00","2,291.00",572.7,"33,200"
2020/3/27,"2,449.00","2,510.00","2,325.00","2,362.00",590.5,"18,800"
2020/3/26,"2,450.00","2,569.00","2,423.00","2,423.00",605.7,"14,700"
2020/3/25,"2,725.00","2,725.00","2,552.00","2,595.00",648.7,"34,200"
2020/3/24,"2,579.00","2,579.00","2,490.00","2,507.00",626.7,"11,600"
2020/3/23,"2,390.00","2,509.00","2,301.00","2,440.00",610,"20,500"
2020/3/19,"2,585.00","2,585.00","2,310.00","2,450.00",612.5,"22,300"
2020/3/18,"2,682.00","2,768.00","2,481.00","2,485.00",621.2,"48,000"
2020/3/17,"2,450.00","2,710.00","2,350.00","2,632.00",658,"54,000"
2020/3/16,"2,600.00","2,834.00","2,500.00","2,500.00",625,"82,200"
2020/3/13,"2,165.00","2,550.00","1,987.00","2,398.00",599.5,"115,900"
2020/3/12,"2,627.00","2,727.00","2,300.00","2,395.00",598.7,"105,700"
2020/3/11,"3,100.00","3,255.00","2,727.00","2,727.00",681.7,"137,100"
2020/3/10,"2,805.00","3,125.00","2,606.00","3,060.00",765,"186,300"
2020/3/9,"3,860.00","3,885.00","3,300.00","3,305.00",826.2,"78,500"
2020/3/6,"4,195.00","4,225.00","3,980.00","4,000.00","1,000.00","22,300"
2020/3/5,"4,290.00","4,320.00","4,175.00","4,205.00","1,051.20","18,200"
2020/3/4,"4,100.00","4,265.00","4,060.00","4,220.00","1,055.00","27,000"
2020/3/3,"4,420.00","4,480.00","4,205.00","4,210.00","1,052.50","51,400"
2020/3/2,"3,910.00","4,345.00","3,910.00","4,290.00","1,072.50","61,400"
2020/2/28,"4,060.00","4,100.00","3,790.00","3,870.00",967.5,"59,200"
2020/2/27,"4,360.00","4,500.00","4,200.00","4,200.00","1,050.00","31,500"
2020/2/26,"4,595.00","4,605.00","4,280.00","4,360.00","1,090.00","42,600"
2020/2/25,"4,355.00","4,645.00","4,355.00","4,520.00","1,130.00","70,900"
2020/2/21,"4,450.00","4,575.00","4,440.00","4,565.00","1,141.20","49,500"
2020/2/20,"4,470.00","4,600.00","4,315.00","4,405.00","1,101.20","84,900"
2020/2/19,"4,265.00","4,455.00","4,205.00","4,450.00","1,112.50","81,400"
2020/2/18,"4,180.00","4,295.00","4,060.00","4,215.00","1,053.70","48,500"
2020/2/17,"3,880.00","4,295.00","3,745.00","4,230.00","1,057.50","192,300"
2020/2/14,"4,240.00","4,470.00","4,180.00","4,440.00","1,110.00","153,700"
2020/2/13,"4,090.00","4,125.00","3,980.00","4,115.00","1,028.70","41,700"
2020/2/12,"3,985.00","4,050.00","3,960.00","4,035.00","1,008.70","25,000"
2020/2/10,"3,920.00","3,990.00","3,895.00","3,980.00",995,"17,100"
2020/2/7,"4,010.00","4,015.00","3,855.00","3,880.00",970,"17,100"
2020/2/6,"3,965.00","4,075.00","3,930.00","3,965.00",991.2,"28,900"
2020/2/5,"4,000.00","4,185.00","3,915.00","3,930.00",982.5,"42,700"
2020/2/4,"3,780.00","3,920.00","3,780.00","3,920.00",980,"30,900"
2020/2/3,"3,700.00","3,825.00","3,660.00","3,765.00",941.2,"39,200"
2020/1/31,"3,785.00","3,880.00","3,665.00","3,780.00",945,"55,000"
2020/1/30,"3,990.00","4,045.00","3,715.00","3,715.00",928.7,"90,200"
2020/1/29,"4,190.00","4,230.00","4,040.00","4,040.00","1,010.00","33,700"
2020/1/28,"4,000.00","4,155.00","3,925.00","4,125.00","1,031.20","44,000"
2020/1/27,"4,080.00","4,190.00","4,025.00","4,065.00","1,016.20","49,600"
2020/1/24,"4,385.00","4,390.00","4,190.00","4,215.00","1,053.70","68,900"
2020/1/23,"4,400.00","4,460.00","4,315.00","4,395.00","1,098.70","53,500"
2020/1/22,"4,385.00","4,590.00","4,385.00","4,485.00","1,121.20","166,900"
2020/1/21,"4,450.00","4,470.00","4,260.00","4,360.00","1,090.00","250,100"
2020/1/20,"4,725.00","4,725.00","4,455.00","4,540.00","1,135.00","908,200"
2020/1/17,"3,875.00","4,090.00","3,870.00","4,025.00","1,006.20","87,200"
2020/1/16,"3,875.00","4,100.00","3,830.00","3,830.00",957.5,"130,000"
2020/1/15,"3,780.00","3,915.00","3,715.00","3,915.00",978.7,"63,900"
2020/1/14,"3,790.00","3,845.00","3,690.00","3,710.00",927.5,"55,300"
2020/1/10,"3,895.00","3,970.00","3,810.00","3,825.00",956.2,"64,400"
2020/1/9,"3,800.00","4,070.00","3,700.00","3,915.00",978.7,"214,100"
2020/1/8,"3,750.00","3,800.00","3,510.00","3,660.00",915,"118,700"
2020/1/7,"3,645.00","3,880.00","3,605.00","3,880.00",970,"170,200"
2020/1/6,"3,615.00","3,785.00","3,585.00","3,585.00",896.2,"148,300"
2019/12/30,"4,090.00","4,100.00","3,780.00","3,825.00",956.2,"254,100"
2019/12/27,"4,470.00","4,480.00","4,145.00","4,160.00","1,040.00","118,800"
2019/12/26,"4,320.00","4,515.00","4,240.00","4,400.00","1,100.00","165,300"
2019/12/25,"4,520.00","4,575.00","4,380.00","4,380.00","1,095.00","150,100"
2019/12/24,"4,460.00","5,020.00","4,290.00","4,565.00","1,141.20","752,800"
2019/12/23,"4,650.00","4,745.00","4,325.00","4,530.00","1,132.50","300,800"
2019/12/20,"5,000.00","5,350.00","4,500.00","4,860.00","1,215.00","1,693,400"
2019/12/19,"4,750.00","4,750.00","4,660.00","4,750.00","1,187.50","308,900"
2019/12/18,"4,535.00","4,960.00","4,000.00","4,050.00","1,012.50","845,000"